timestamp,x,xdot,theta,thetadot,u,x_hat_0,x_hat_1,x_hat_2,x_hat_3,trace_P,trace_Kf
20.863,-0.2782,0,3.0802,0,-0.753,-0.2782,0.000291749,3.07932,0.0926372,0.00312965,0.869348
20.864,-0.2782,0.059,3.0802,0,-0.082,-0.278177,0.0177465,3.07691,0.185292,0.00258241,0.717336
20.865,-0.2782,0,3.0802,0,-0.751,-0.278152,0.0221745,3.07329,0.253261,0.00220888,0.613579
20.866,-0.2782,0,3.0802,0,-0.751,-0.278114,0.029244,3.06864,0.315598,0.00193953,0.538758
20.867,-0.2782,0,3.0802,0,-0.751,-0.278061,0.0382786,3.06315,0.373101,0.00173749,0.482635
20.868,-0.2782,0,3.0802,0,-0.751,-0.27799,0.0487637,3.05696,0.426218,0.00158138,0.439273
20.869,-0.2781,0.06,3.0802,0,-0.08,-0.277867,0.0695629,3.05005,0.489158,0.00145795,0.404986
20.87,-0.2781,0.059,3.0802,0,-0.079,-0.277724,0.0901183,3.04247,0.546208,0.00135853,0.377368
20.871,-0.2781,-0.059,3.0802,0,-1.418,-0.277606,0.0936846,3.03469,0.569599,0.00127721,0.35478
20.872,-0.2781,0,3.0802,0,-0.75,-0.277456,0.106069,3.02686,0.606181,0.00120984,0.336067
20.873,-0.2781,0,3.077,-3.146,8.784,-0.276561,0.283618,2.95924,0.533162,0.00115343,0.320397
20.874,-0.2781,0.059,3.077,0,0.015,-0.276342,0.288136,2.95681,0.579721,0.00110574,0.307151
20.875,-0.2781,0,3.077,0,-0.652,-0.276135,0.286517,2.95364,0.607726,0.00106511,0.295863
20.876,-0.278,0.06,3.077,0,0.017,-0.275896,0.293288,2.94995,0.648311,0.00103023,0.286175
20.877,-0.278,0,3.077,0,-0.651,-0.27567,0.29355,2.94579,0.670575,0.00100011,0.277809
20.878,-0.278,0,3.077,0,-0.651,-0.275443,0.29438,2.94144,0.691245,0.000973964,0.270545
20.879,-0.278,0,3.077,0,-0.651,-0.275215,0.295607,2.93698,0.710399,0.000951151,0.264209
20.88,-0.2779,0.06,3.077,0,0.019,-0.274961,0.303908,2.9324,0.74295,0.000931166,0.258657
20.881,-0.2779,0,3.077,0,-0.649,-0.274722,0.305533,2.92762,0.757511,0.000913594,0.253776
20.882,-0.2779,0,3.077,0,-0.649,-0.274486,0.307205,2.92289,0.771013,0.000898095,0.249471
20.883,-0.2779,0,3.077,0,-0.649,-0.274253,0.308875,2.91825,0.783531,0.000884388,0.245663
20.884,-0.2779,0,3.077,0,-0.649,-0.274024,0.310509,2.91369,0.795142,0.000872237,0.242288
20.885,-0.2779,0.059,3.077,0,0.02,-0.27378,0.318549,2.90919,0.820977,0.000861445,0.23929
20.886,-0.2779,-0.059,3.0739,-3.146,8.216,-0.272681,0.449003,2.85349,0.761369,0.000851844,0.236623
20.887,-0.2779,0.059,3.077,3.146,-9.418,-0.273307,0.314393,2.90305,0.832357,0.00084329,0.234247
20.888,-0.2779,0,3.0739,-3.146,8.886,-0.272212,0.448769,2.8484,0.791919,0.000835663,0.232129
20.889,-0.2779,0,3.0739,0,-0.552,-0.271978,0.442247,2.84711,0.794998,0.000828856,0.230238
20.89,-0.2779,0,3.0739,0,-0.552,-0.271757,0.436031,2.84587,0.798534,0.000822776,0.228549
20.891,-0.2779,0,3.0739,0,-0.552,-0.271549,0.430115,2.84465,0.802453,0.000817345,0.22704
20.892,-0.2778,0.06,3.0739,0,0.117,-0.271328,0.430814,2.84341,0.82193,0.000812492,0.225692
20.893,-0.2778,0,3.0739,0,-0.551,-0.271131,0.425452,2.84203,0.824639,0.000808155,0.224487
20.894,-0.2778,0,3.0739,0,-0.551,-0.270945,0.420343,2.84069,0.827707,0.000804279,0.223411
20.895,-0.2778,0,3.0739,0,-0.551,-0.27077,0.415488,2.8394,0.831071,0.000800815,0.222449
20.896,-0.2778,0.059,3.0739,0,0.119,-0.270587,0.417138,2.83808,0.850022,0.000797722,0.221589
20.897,-0.2778,0,3.0739,0,-0.549,-0.270425,0.412759,2.83664,0.852064,0.00079496,0.220822
20.898,-0.2778,0,3.0739,0,-0.549,-0.270273,0.408595,2.83526,0.854398,0.000792494,0.220137
20.899,-0.2778,0,3.0708,-3.146,8.984,-0.269272,0.530434,2.78601,0.822028,0.000790294,0.219526
20.9,-0.2778,0,3.0708,0,-0.454,-0.2691,0.51971,2.7872,0.819234,0.000788333,0.218981
20.901,-0.2777,0.059,3.0708,0,0.216,-0.268922,0.515709,2.78832,0.833035,0.000786585,0.218496
20.902,-0.2777,0,3.0708,0,-0.452,-0.268768,0.505948,2.78926,0.830758,0.000785028,0.218063
20.903,-0.2777,0,3.0708,0,-0.452,-0.26863,0.496652,2.7902,0.829542,0.000783642,0.217678
20.904,-0.2777,0,3.0708,0,-0.452,-0.268505,0.487818,2.79111,0.829253,0.000782409,0.217336
20.905,-0.2777,0,3.0708,0,-0.452,-0.268392,0.479443,2.792,0.829768,0.000781313,0.217031
20.906,-0.2776,0.06,3.0708,0,0.218,-0.268268,0.477765,2.79278,0.846369,0.000780339,0.216761
20.907,-0.2776,0.059,3.0708,0,0.219,-0.268146,0.476459,2.7933,0.861825,0.000779474,0.21652
20.908,-0.2776,-0.059,3.0708,0,-1.12,-0.268063,0.463088,2.79372,0.845333,0.000778706,0.216307
20.909,-0.2776,0,3.0676,-3.146,9.083,-0.267135,0.580762,2.74684,0.816036,0.000778024,0.216118
20.91,-0.2776,0.059,3.0676,0,0.314,-0.267002,0.573806,2.74968,0.827405,0.00077742,0.21595
20.911,-0.2775,0.059,3.0676,0,0.316,-0.266873,0.567455,2.75224,0.838511,0.000776885,0.215801
20.912,-0.2775,0,3.0676,0,-0.352,-0.26677,0.555463,2.75459,0.833892,0.00077641,0.21567
20.913,-0.2775,0,3.0676,0,-0.352,-0.266681,0.544037,2.75691,0.830675,0.00077599,0.215553
20.914,-0.2775,0,3.0676,0,-0.352,-0.266606,0.533174,2.75916,0.828692,0.000775618,0.215449
20.915,-0.2774,0.06,3.0676,0,0.318,-0.266519,0.529108,2.76127,0.843202,0.000775288,0.215358
20.916,-0.2774,0,3.0676,0,-0.351,-0.266454,0.519308,2.76316,0.841491,0.000774997,0.215277
20.917,-0.2774,0.059,3.0676,0,0.318,-0.266382,0.516217,2.76492,0.856149,0.000774739,0.215205
20.918,-0.2774,0,3.0676,0,-0.349,-0.26633,0.507386,2.76648,0.854514,0.00077451,0.215142
20.919,-0.2774,0,3.0676,0,-0.349,-0.266287,0.49901,2.76798,0.853749,0.000774308,0.215086
20.92,-0.2774,0,3.0676,0,-0.349,-0.266252,0.49108,2.76944,0.853741,0.000774129,0.215036
20.921,-0.2773,0.06,3.0676,0,0.321,-0.266202,0.489825,2.77076,0.869802,0.000773971,0.214992
20.922,-0.2773,0,3.0645,-3.146,9.186,-0.265325,0.606965,2.72451,0.839843,0.000773831,0.214953
20.923,-0.2773,0,3.0645,0,-0.252,-0.265258,0.59348,2.72794,0.833945,0.000773707,0.214918
20.924,-0.2773,0.059,3.0645,0,0.417,-0.265188,0.586826,2.73123,0.845082,0.000773597,0.214888
20.925,-0.2772,0.059,3.0645,0,0.419,-0.265118,0.580764,2.73423,0.855934,0.000773499,0.214861
20.926,-0.2772,0,3.0645,0,-0.249,-0.265071,0.569049,2.737,0.851039,0.000773413,0.214837
20.927,-0.2773,-0.059,3.0645,0,-0.919,-0.265059,0.551676,2.7398,0.832099,0.000773336,0.214815
20.928,-0.2773,0,3.0645,0,-0.251,-0.265047,0.541091,2.74265,0.831546,0.000773268,0.214797
20.929,-0.2772,0.059,3.0645,0,0.419,-0.26502,0.537286,2.74531,0.84736,0.000773207,0.21478
20.93,-0.2771,0.06,3.0645,0,0.421,-0.264989,0.534038,2.74764,0.862238,0.000773153,0.214765
20.931,-0.2771,0,3.0645,0,-0.248,-0.264975,0.525022,2.74974,0.860789,0.000773106,0.214752
20.932,-0.2771,0,3.0613,-3.146,9.286,-0.264125,0.640735,2.7044,0.830926,0.000773063,0.21474
20.933,-0.2771,0,3.0613,0,-0.152,-0.264085,0.625892,2.70869,0.825106,0.000773025,0.214729
20.934,-0.2771,0.059,3.0613,0,0.517,-0.264041,0.617955,2.7128,0.836437,0.000772991,0.21472
20.935,-0.277,0.059,3.0613,0,0.519,-0.263998,0.610685,2.71657,0.847582,0.000772961,0.214712
20.936,-0.277,0,3.0613,0,-0.149,-0.263976,0.597833,2.72008,0.843066,0.000772934,0.214704
20.937,-0.277,0,3.0613,0,-0.149,-0.263967,0.585601,2.7235,0.84001,0.00077291,0.214697
20.938,-0.277,0,3.0613,0,-0.149,-0.263967,0.573982,2.72681,0.83824,0.000772889,0.214691
20.939,-0.2769,0.12,3.0613,0,1.191,-0.263935,0.575445,2.72986,0.868424,0.00077287,0.214686
20.94,-0.2769,0,3.0613,0,-0.146,-0.263933,0.56495,2.7325,0.865286,0.000772853,0.214681
20.941,-0.2769,0,3.0613,0,-0.146,-0.263938,0.554972,2.73506,0.863287,0.000772837,0.214677
20.942,-0.2769,0,3.0582,-3.146,9.388,-0.263107,0.669772,2.69019,0.833027,0.000772824,0.214673
20.943,-0.2769,0.059,3.0582,0,0.619,-0.263068,0.660253,2.69485,0.842312,0.000772811,0.21467
20.944,-0.2769,0,3.0582,0,-0.049,-0.263053,0.64524,2.69925,0.836288,0.0007728,0.214667
20.945,-0.2767,0.119,3.0582,0,1.291,-0.263006,0.643382,2.70339,0.862884,0.000772791,0.214664
20.946,-0.2768,-0.059,3.0582,0,-0.716,-0.263015,0.623501,2.70719,0.841294,0.000772782,0.214662
20.947,-0.2768,0,3.0582,0,-0.047,-0.263025,0.6105,2.71104,0.838553,0.000772774,0.214659
20.948,-0.2767,0.059,3.0582,0,0.622,-0.263022,0.604363,2.71469,0.852549,0.000772766,0.214657
20.949,-0.2767,0.06,3.0582,0,0.624,-0.263019,0.598874,2.71798,0.865966,0.00077276,0.214656
20.95,-0.2767,0,3.0582,0,-0.044,-0.263036,0.58772,2.72101,0.863399,0.000772754,0.214654
20.951,-0.2766,0.059,3.055,-3.146,10.16,-0.262192,0.707606,2.67652,0.848155,0.000772749,0.214653
20.952,-0.2766,0,3.055,0,0.052,-0.262171,0.69077,2.68149,0.839971,0.000772744,0.214651
20.953,-0.2766,0.059,3.055,0,0.722,-0.262147,0.680909,2.68627,0.849331,0.00077274,0.21465
20.954,-0.2765,0.06,3.055,0,0.724,-0.262124,0.671813,2.6907,0.858818,0.000772736,0.214649
20.955,-0.2764,0.059,3.055,0,0.725,-0.262101,0.663374,2.6948,0.868367,0.000772733,0.214648
20.956,-0.2765,-0.059,3.055,0,-0.613,-0.262124,0.643179,2.69874,0.847054,0.00077273,0.214647
20.957,-0.2764,0.059,3.055,0,0.725,-0.262125,0.636089,2.70264,0.860003,0.000772727,0.214646
20.958,-0.2764,0.059,3.055,0,0.727,-0.262128,0.629649,2.70618,0.872559,0.000772725,0.214646
20.959,-0.2763,0.06,3.055,0,0.729,-0.262127,0.623847,2.70941,0.884677,0.000772723,0.214645
20.96,-0.2763,0,3.0519,-3.146,9.594,-0.2613,0.736633,2.66505,0.85166,0.00077272,0.214645
20.961,-0.2763,0.059,3.0519,0,0.825,-0.261269,0.725157,2.67023,0.858584,0.000772719,0.214644
20.962,-0.2762,0.06,3.0519,0,0.827,-0.26124,0.714486,2.67508,0.865974,0.000772717,0.214644
20.963,-0.2761,0.06,3.0519,0,0.829,-0.261214,0.704555,2.67962,0.87374,0.000772716,0.214643
20.964,-0.2761,0,3.0519,0,0.159,-0.261212,0.689081,2.68391,0.866323,0.000772714,0.214643
20.965,-0.2761,0.059,3.0519,0,0.829,-0.261206,0.680523,2.68803,0.876263,0.000772713,0.214643
20.966,-0.276,0.06,3.0519,0,0.832,-0.261198,0.672675,2.69184,0.886188,0.000772712,0.214642
20.967,-0.276,0.059,3.0519,0,0.833,-0.261194,0.665425,2.69534,0.896025,0.000772711,0.214642
20.968,-0.2759,0.059,3.0519,0,0.834,-0.261189,0.658769,2.69854,0.905709,0.00077271,0.214642
20.969,-0.2759,0,3.0487,-3.146,9.7,-0.260358,0.770738,2.6542,0.870531,0.000772709,0.214641
20.97,-0.2759,0,3.0487,0,0.261,-0.260342,0.752239,2.6595,0.860107,0.000772709,0.214641
20.971,-0.2758,0.12,3.0487,0,1.602,-0.260302,0.747038,2.66456,0.882971,0.000772708,0.214641
20.972,-0.2757,0.059,3.0487,0,0.934,-0.260275,0.736307,2.66915,0.889101,0.000772708,0.214641
20.973,-0.2756,0.06,3.0487,0,0.936,-0.26025,0.726325,2.67345,0.895691,0.000772707,0.214641
20.974,-0.2756,0,3.0487,0,0.267,-0.26025,0.710786,2.67753,0.887219,0.000772707,0.214641
20.975,-0.2756,0,3.0487,0,0.267,-0.260264,0.695939,2.68154,0.88076,0.000772706,0.214641
20.976,-0.2755,0.119,3.0456,-3.146,11.142,-0.259403,0.818505,2.63798,0.877701,0.000772706,0.214641
20.977,-0.2754,0.119,3.0487,3.146,-7.827,-0.260183,0.686394,2.69093,0.925259,0.000772706,0.21464
20.978,-0.2754,0,3.0456,-3.146,9.808,-0.259353,0.79793,2.64647,0.888743,0.000772705,0.21464
20.979,-0.2753,0.06,3.0456,0,1.039,-0.259315,0.785234,2.65162,0.892536,0.000772705,0.21464
20.98,-0.2753,0.059,3.0456,0,1.041,-0.259287,0.773291,2.65647,0.89719,0.000772705,0.21464
20.981,-0.2752,0.12,3.0456,0,1.713,-0.259245,0.768375,2.66098,0.91794,0.000772705,0.21464
20.982,-0.2751,0.059,3.0456,0,1.045,-0.259217,0.757871,2.66506,0.922099,0.000772704,0.21464
20.983,-0.2751,0,3.0456,0,0.376,-0.259215,0.741822,2.66898,0.911415,0.000772704,0.21464
20.984,-0.2751,0.059,3.0424,-3.146,10.581,-0.258364,0.856934,2.62544,0.889162,0.000772704,0.21464
20.985,-0.2749,0.119,3.0424,0,1.814,-0.258294,0.847903,2.63127,0.905818,0.000772704,0.21464
20.986,-0.2748,0.12,3.0424,0,1.817,-0.258226,0.839737,2.6366,0.921975,0.000772704,0.21464
20.987,-0.2748,0.059,3.0424,0,1.15,-0.258181,0.82608,2.64154,0.922224,0.000772704,0.21464
20.988,-0.2747,0.06,3.0424,0,1.152,-0.258143,0.813221,2.64625,0.923661,0.000772704,0.21464
20.989,-0.2746,0.059,3.0424,0,1.153,-0.258111,0.801072,2.65073,0.926133,0.000772703,0.21464
20.99,-0.2746,0.059,3.0424,0,1.154,-0.258089,0.789645,2.65497,0.929473,0.000772703,0.21464
20.991,-0.2745,0.119,3.0424,0,1.826,-0.258053,0.78516,2.6589,0.948984,0.000772703,0.21464
20.992,-0.2744,0.06,3.0424,0,1.159,-0.258029,0.775108,2.66246,0.951944,0.000772703,0.21464
20.993,-0.2743,0.119,3.0424,0,1.831,-0.257991,0.771886,2.66575,0.971002,0.000772703,0.21464
20.994,-0.2742,0.06,3.0393,-3.146,10.698,-0.25712,0.887287,2.62137,0.944176,0.000772703,0.21464
20.995,-0.2741,0.119,3.0393,0,1.931,-0.257037,0.878413,2.62644,0.956617,0.000772703,0.21464
20.996,-0.274,0.06,3.0393,0,1.264,-0.256975,0.864076,2.63118,0.953471,0.000772703,0.21464
20.997,-0.274,0.059,3.0393,0,1.265,-0.256927,0.850443,2.63575,0.951859,0.000772703,0.21464
20.998,-0.2738,0.12,3.0393,0,1.937,-0.256864,0.843808,2.64006,0.966993,0.000772703,0.21464
20.999,-0.2738,0,3.0393,0,0.599,-0.256841,0.825366,2.64411,0.950702,0.000772703,0.21464
21,-0.2737,0.119,3.0393,0,1.94,-0.256796,0.820077,2.64806,0.968174,0.000772703,0.21464
21.001,-0.2737,0.059,3.0393,0,1.272,-0.25677,0.809188,2.65166,0.969323,0.000772703,0.21464
21.002,-0.2735,0.12,3.0393,0,1.945,-0.256726,0.805208,2.65502,0.986774,0.000772703,0.21464
21.003,-0.2735,0.059,3.0393,0,1.277,-0.2567,0.795527,2.65805,0.987807,0.000772703,0.21464
21.004,-0.2734,0.059,3.0361,-3.146,10.813,-0.255832,0.910679,2.6136,0.960367,0.000772703,0.21464
21.005,-0.2733,0.12,3.0361,0,2.046,-0.255753,0.901618,2.61861,0.972225,0.000772703,0.21464
21.006,-0.2733,0.059,3.0361,0,1.378,-0.255699,0.887027,2.6233,0.96857,0.000772703,0.21464
21.007,-0.2732,0.06,3.0361,0,1.38,-0.255655,0.87321,2.62783,0.966497,0.000772703,0.21464
21.008,-0.2731,0.119,3.0361,0,2.052,-0.2556,0.866334,2.63211,0.98126,0.000772703,0.21464
21.009,-0.273,0.059,3.0361,0,1.385,-0.255563,0.8539,2.63607,0.980085,0.000772703,0.21464
21.01,-0.2729,0.12,3.0361,0,2.057,-0.255513,0.848408,2.63979,0.99551,0.000772703,0.21464
21.011,-0.2728,0.059,3.0361,0,1.389,-0.25548,0.837259,2.6432,0.994814,0.000772703,0.21464
21.012,-0.2727,0.12,3.0361,0,2.061,-0.255433,0.83299,2.64641,1.01057,0.000772703,0.21464
21.013,-0.2727,0.059,3.033,-3.146,10.928,-0.25456,0.947278,2.60198,0.980827,0.000772703,0.21464
21.014,-0.2726,0.06,3.033,0,1.491,-0.254496,0.931119,2.60712,0.975234,0.000772703,0.21464
21.015,-0.2725,0.119,3.033,0,2.163,-0.254425,0.921961,2.61204,0.98697,0.000772703,0.21464
21.016,-0.2724,0.12,3.033,0,2.166,-0.254356,0.91358,2.61657,0.998608,0.000772703,0.21464
21.017,-0.2723,0.059,3.033,0,1.498,-0.254307,0.899628,2.6208,0.994686,0.000772703,0.21464
21.018,-0.2723,0,3.033,0,0.829,-0.25429,0.880166,2.62497,0.976869,0.000772703,0.21464
21.019,-0.2722,0.12,3.033,0,2.17,-0.254251,0.873914,2.62906,0.993006,0.000772703,0.21464
21.02,-0.272,0.12,3.033,0,2.173,-0.254204,0.868335,2.63273,1.00845,0.000772703,0.21464
21.021,-0.2719,0.119,3.033,0,2.176,-0.254155,0.863348,2.63604,1.02321,0.000772703,0.21464
21.022,-0.2719,0,3.0298,-3.146,10.373,-0.253299,0.970761,2.59178,0.977168,0.000772703,0.21464
21.023,-0.2719,0.059,3.0298,0,1.604,-0.253246,0.953956,2.59724,0.972579,0.000772703,0.21464
21.024,-0.2717,0.12,3.0298,0,2.277,-0.253182,0.944274,2.60245,0.985279,0.000772703,0.21464
21.025,-0.2716,0.18,3.0298,0,2.95,-0.253101,0.941624,2.60718,1.01328,0.000772703,0.21464
21.026,-0.2715,0.059,3.0267,-3.146,11.147,-0.252206,1.05144,2.56411,0.979262,0.000772703,0.21464
21.027,-0.2715,0.06,3.0298,3.146,-7.823,-0.252974,0.906707,2.61794,0.999413,0.000772703,0.21464
21.028,-0.2714,0.06,3.0298,0,1.617,-0.252954,0.893961,2.62191,0.998866,0.000772703,0.21464
21.029,-0.2712,0.179,3.0267,-3.146,12.493,-0.252053,1.01863,2.57822,1.00108,0.000772703,0.21464
21.03,-0.2712,0.059,3.0267,0,1.718,-0.251987,1.00041,2.58378,0.993227,0.000772703,0.21464
21.031,-0.2711,0.06,3.0267,0,1.72,-0.251935,0.983073,2.58919,0.987607,0.000772703,0.21464
21.032,-0.2709,0.18,3.0267,0,3.062,-0.251853,0.979072,2.59429,1.01481,0.000772703,0.21464
21.033,-0.2708,0.119,3.0267,0,2.396,-0.251785,0.969571,2.59886,1.02487,0.000772703,0.21464
21.034,-0.2707,0.119,3.0236,-3.146,11.933,-0.250874,1.08507,2.55574,1.00575,0.000772703,0.21464
21.035,-0.2706,0.06,3.0236,0,1.827,-0.250788,1.06403,2.56206,0.994441,0.000772703,0.21464
21.036,-0.2704,0.18,3.0236,0,3.17,-0.250678,1.05643,2.56811,1.01676,0.000772703,0.21464
21.037,-0.2702,0.18,3.0236,0,3.174,-0.250564,1.04969,2.57357,1.03805,0.000772703,0.21464
21.038,-0.2701,0.119,3.0236,0,2.508,-0.250468,1.03749,2.57857,1.04292,0.000772703,0.21464
21.039,-0.27,0.119,3.0236,0,2.511,-0.25038,1.02607,2.58326,1.04852,0.000772703,0.21464
21.04,-0.2699,0.12,3.0236,0,2.514,-0.250298,1.01544,2.58768,1.0547,0.000772703,0.21464
21.041,-0.2697,0.179,3.0236,0,3.187,-0.250199,1.01174,2.59173,1.0768,0.000772703,0.21464
21.042,-0.2695,0.18,3.0236,0,3.192,-0.250092,1.00873,2.59531,1.09755,0.000772703,0.21464
21.043,-0.2694,0.12,3.0236,0,2.526,-0.25,1.00007,2.59851,1.10155,0.000772703,0.21464
21.044,-0.2693,0.12,3.0204,-3.146,12.064,-0.249067,1.11625,2.55417,1.07681,0.000772703,0.21464
21.045,-0.2692,0.119,3.0204,0,2.628,-0.248944,1.10193,2.55932,1.07572,0.000772703,0.21464
21.046,-0.2689,0.239,3.0204,0,3.972,-0.248786,1.10088,2.56411,1.10688,0.000772703,0.21464
21.047,-0.2688,0.18,3.0204,0,3.307,-0.248643,1.0943,2.56833,1.12031,0.000772703,0.21464
21.048,-0.2686,0.12,3.0204,0,2.642,-0.248516,1.08214,2.57225,1.11795,0.000772703,0.21464
21.049,-0.2684,0.18,3.0204,0,3.315,-0.248376,1.07686,2.57595,1.13231,0.000772703,0.21464
21.05,-0.2683,0.119,3.0236,3.146,-6.885,-0.249103,0.941631,2.6267,1.15992,0.000772703,0.21464
21.051,-0.2681,0.18,3.0204,-3.146,12.761,-0.248165,1.06856,2.58021,1.15159,0.000772703,0.21464
21.052,-0.2679,0.239,3.0204,0,3.997,-0.248003,1.07096,2.58302,1.1801,0.000772703,0.21464
21.053,-0.2678,0.12,3.0204,0,2.663,-0.24787,1.06137,2.58546,1.1754,0.000772703,0.21464
21.054,-0.2676,0.18,3.0204,0,3.336,-0.247724,1.05847,2.58779,1.18739,0.000772703,0.21464
21.055,-0.2674,0.18,3.0204,0,3.341,-0.247574,1.05599,2.58984,1.19878,0.000772703,0.21464
21.056,-0.2673,0.179,3.0204,0,3.345,-0.247426,1.05387,2.59165,1.20957,0.000772703,0.21464
21.057,-0.2671,0.12,3.0173,-3.146,12.214,-0.246447,1.17016,2.54596,1.1751,0.000772703,0.21464
21.058,-0.267,0.18,3.0173,0,3.448,-0.246264,1.16202,2.54989,1.18044,0.000772703,0.21464
21.059,-0.2666,0.3,3.0204,3.146,-4.74,-0.246883,1.04267,2.60077,1.24629,0.000772703,0.21464
21.06,-0.2665,0.179,3.0204,0,3.364,-0.246728,1.04231,2.60143,1.25487,0.000772703,0.21464
21.061,-0.2663,0.18,3.0204,0,3.369,-0.246569,1.04221,2.60195,1.26288,0.000772703,0.21464
21.062,-0.2662,0.12,3.0204,0,2.703,-0.246428,1.03604,2.60241,1.25492,0.000772703,0.21464
